{"loss": 0.0064026652835309505, "_timestamp": 1674399510.2060697, "_runtime": 64.84479069709778, "_step": 1, "_wandb": {"runtime": 80}}